[
    {
        "id": "1",
        "question": "11 में 2 जोडने पर 1 कहां पर देखा जा सकता है?",
        "a": "कम्प्यूटर में",
        "b": "कैल्कूलेटर में",
        "c": "गणित की किताब में",
        "d": "घडी में",
        "correctAnswer": "घडी में",
        "a1": "FALSE",
        "b1": "FALSE",
        "c1": "TRUE",
        "d1": "TRUE"
    },
    {
        "id": "2",
        "question": "जोधपुर की स्थापना किसने की?",
        "a": "महाराजा उम्मेद सिंह   ",
        "b": "राव जोधाणा",
        "c": "महाराज जयसिंह",
        "d": "राव जोधा",
        "correctAnswer": "राव जोधा",
        "a1": "FALSE",
        "b1": "FALSE",
        "c1": "TRUE",
        "d1": "TRUE"
    },
    {
        "id": "3",
        "question": "कौनसे देश ने सबसे ज्यादा बार एकदिवसीय क्रिकेट वर्ल्डकप जीता है।",
        "a": "आस्ट्रेलिया",
        "b": "भारत",
        "c": "वेस्टइंडीज",
        "d": "इंग्लैंड",
        "correctAnswer": "आस्ट्रेलिया",
        "a1": "TRUE",
        "b1": "TRUE",
        "c1": "FALSE",
        "d1": "FALSE"
    },
    {
        "id": "4",
        "question": "पेरिस पैरालंपिक में पैरा शूटिंग में कांस्य पदक जीतने पर हाल ही में किस राजस्थान के खिलाडी को अर्जून अवार्ड से सम्मानित करने हेतु चयन किया गया है?",
        "a": "मनीष नरवाल",
        "b": "मोना अग्रवाल",
        "c": "अवनी लेखारा",
        "d": "हरविन्द्र सिंह",
        "correctAnswer": "मोना अग्रवाल",
        "a1": "FALSE",
        "b1": "TRUE",
        "c1": "TRUE",
        "d1": "FALSE"
    },
    {
        "id": "5",
        "question": "भारतीय रिजर्व बैक द्वारा जारी किये गये नोट पर कितनी भाशाये छपी होती है ।",
        "a": "9",
        "b": "12",
        "c": "15",
        "d": "18",
        "correctAnswer": "15",
        "a1": "TRUE",
        "b1": "FALSE",
        "c1": "TRUE",
        "d1": "FALSE"
    },
    {
        "id": "6",
        "question": "महाराजा अग्रसेन ने कितने वर्षों तक राज्य किया था?",
        "a": "लगभग 48 वर्ष",
        "b": "लगभग 68 वर्ष",
        "c": "लगभग 88 वर्ष",
        "d": "लगभग 108 वर्ष",
        "correctAnswer": "लगभग 108 वर्ष",
        "a1": "FALSE",
        "b1": "TRUE",
        "c1": "FALSE",
        "d1": "TRUE"
    },
    {
        "id": "7",
        "question": "निम्नलिखित मे से कौनसा देश विश्व में केसर का सबसे बडा उत्पादक है?",
        "a": "स्पेन",
        "b": "ईरान",
        "c": "भारत",
        "d": "ग्रीस",
        "correctAnswer": "ईरान",
        "a1": "FALSE",
        "b1": "TRUE",
        "c1": "FALSE",
        "d1": "TRUE"
    }
]