[
    {
        "id": "1",
        "question": "इनमें से कौनसा प्रसिद्ध किला जोधपुर में स्थित हैघ्",
        "a": "अम्बर किला",
        "b": "मेहरानगढ किला",
        "c": "लाल किला",
        "d": "ब्लू सिटी फोर्ट",
        "correctAnswer": "मेहरानगढ किला",
        "a1": "FALSE",
        "b1": "TRUE",
        "c1": "TRUE",
        "d1": "FALSE"
    },
    {
        "id": "2",
        "question": "अशोक स्तम्भ में स्थित शेरो की कुल संख्या कितनी है",
        "a": "3",
        "b": "4",
        "c": "6",
        "d": "7",
        "correctAnswer": "4",
        "a1": "FALSE",
        "b1": "TRUE",
        "c1": "TRUE",
        "d1": "FALSE"
    },
    {
        "id": "3",
        "question": "इनमे से किस देश ने आईसीसी वनडे वर्ल्डकप 2023 जीता था?",
        "a": "भारत",
        "b": "न्यूजीलेण्ड",
        "c": "आस्ट्रेलिया",
        "d": "इंग्लैंड",
        "correctAnswer": "आस्ट्रेलिया",
        "a1": "TRUE",
        "b1": "FALSE",
        "c1": "TRUE",
        "d1": "FALSE"
    },
    {
        "id": "4",
        "question": "महाराजा अग्रसेन के कुल के प्रतीय चिन्ह को क्या कहा जाता है?",
        "a": "एक रूपया",
        "b": "सुर्य",
        "c": "गरूड",
        "d": "एक ईट",
        "correctAnswer": "गरूड",
        "a1": "FALSE",
        "b1": "TRUE",
        "c1": "TRUE",
        "d1": "FALSE"
    },
    {
        "id": "5",
        "question": "भारत का कौनसा राज्य क्षेत्रफल की दृष्टि से सबसे बडा राज्य है ?",
        "a": "उत्तर प्रदेश",
        "b": "मध्य प्रदेश",
        "c": "राजस्थान",
        "d": "महाराष्ट्र",
        "correctAnswer": "राजस्थान",
        "a1": "FALSE",
        "b1": "FALSE",
        "c1": "TRUE",
        "d1": "TRUE"
    },
    {
        "id": "6",
        "question": "युरोपियन भाषाओ की जननी भाषा कोनसी है ?",
        "a": "अग्रेजी",
        "b": "संस्कृत",
        "c": "जर्मन",
        "d": "फ्रेंच",
        "correctAnswer": "संस्कृत",
        "a1": "TRUE",
        "b1": "TRUE",
        "c1": "FALSE",
        "d1": "FALSE"
    },
    {
        "id": "7",
        "question": "भारत में बनी पहली रंगीन फिल्म कौनसी थी?",
        "a": "राजा हरिशचन्द्र",
        "b": "छोटा चेतन",
        "c": "किसान कन्या",
        "d": "आलम आरा",
        "correctAnswer": "किसान कन्या",
        "a1": "FALSE",
        "b1": "FALSE",
        "c1": "TRUE",
        "d1": "TRUE"
    }
]