[
    {
        "id": "1",
        "question": "इस प्रसिद्ध डायलॉग को पुरा करों -  _______ नाम  सुनकर flower  समझी  क्या? फायर  है  में ",
        "a": "गुलाब",
        "b": "पुष्पा",
        "c": "कमल",
        "d": "चम्पा",
        "correctAnswer": "पुष्पा",
        "a1": "FALSE",
        "b1": "TRUE",
        "c1": "FALSE",
        "d1": "TRUE"
    },
    {
        "id": "2",
        "question": "‘मरु महोत्सव’ डेज़र्ट फेस्टिवल किस शहर में आयोजित होता है?",
        "a": "बीकानेर",
        "b": "जैसलमेर",
        "c": "बाड़मेर",
        "d": "जोधपुर",
        "correctAnswer": "जैसलमेर",
        "a1": "FALSE",
        "b1": "TRUE",
        "c1": "TRUE",
        "d1": "FALSE"
    },
    {
        "id": "3",
        "question": "किस राज्य को रण ऑफ कच्छ के लिए जाना जाता है।",
        "a": "राजस्थान",
        "b": "मध्य प्रदेश",
        "c": "उत्तर प्रदेश",
        "d": "गुजरात",
        "correctAnswer": "गुजरात",
        "a1": "TRUE",
        "b1": "FALSE",
        "c1": "FALSE",
        "d1": "TRUE"
    },
    {
        "id": "4",
        "question": "जोधपुर  के पॉचवी रोड चौराये पर स्थित प्रतिमा किस महापुरूष की है ?",
        "a": "उम्मेदसिहजी",
        "b": "जयनारायण व्यास",
        "c": "जैसलमेरियाजी",
        "d": "आसोपाजी",
        "correctAnswer": "आसोपाजी",
        "a1": "FALSE",
        "b1": "FALSE",
        "c1": "TRUE",
        "d1": "TRUE"
    },
    {
        "id": "5",
        "question": "महाभारत के अनुसार बर्बरीक जो आज भगवान खाटू श्याम जी के नाम से जाने जाते है, इनमें से किसके पुत्र है।",
        "a": "हिडिम्बी",
        "b": "कुन्ती",
        "c": "अहिल्यावती",
        "d": "अमरावती",
        "correctAnswer": "अहिल्यावती",
        "a1": "TRUE",
        "b1": "FALSE",
        "c1": "TRUE",
        "d1": "FALSE"
    },
    {
        "id": "6",
        "question": "ओकटोपस के रक्त का रंग क्या होता है ?",
        "a": "लाल",
        "b": "नीला",
        "c": "पीला",
        "d": "सफेद",
        "correctAnswer": "नीला",
        "a1": "FALSE",
        "b1": "TRUE",
        "c1": "TRUE",
        "d1": "FALSE"
    },
    {
        "id": "7",
        "question": "जोधपुर रेल्वे स्टेशन की स्थापना कौनसे वर्ष में हुई थी?",
        "a": "1821",
        "b": "1901",
        "c": "1885",
        "d": "1949",
        "correctAnswer": "1885",
        "a1": "FALSE",
        "b1": "FALSE",
        "c1": "TRUE",
        "d1": "TRUE"
    }
]