[
    {
        "id": "1",
        "question": "किस भगवान को ‘‘गौरी नंदन‘‘ के नाम से भी जाना जाता है?",
        "a": "अग्नि",
        "b": "गणेश",
        "c": "इन्द्र",
        "d": "हनुमान",
        "correctAnswer": "गणेश",
        "a1": "FALSE",
        "b1": "TRUE",
        "c1": "TRUE",
        "d1": "FALSE"
    },
    {
        "id": "2",
        "question": "निम्नलिखित में से कौन, भारत का राज्य नहीं है?",
        "a": "अरूणाचल",
        "b": "झारखंड",
        "c": "वृंदाचल",
        "d": "छतीसगढ",
        "correctAnswer": "वृंदाचल",
        "a1": "TRUE",
        "b1": "FALSE",
        "c1": "TRUE",
        "d1": "FALSE"
    },
    {
        "id": "3",
        "question": "जोधपुर में सरदार मार्केट कहॉ स्थित है",
        "a": "सरदारपुरा",
        "b": "शास्त्री नगर",
        "c": "झालामन्ड",
        "d": "घंटाघर",
        "correctAnswer": "घंटाघर",
        "a1": "FALSE",
        "b1": "TRUE",
        "c1": "FALSE",
        "d1": "TRUE"
    },
    {
        "id": "4",
        "question": "किस भारतीय शहर को “गुलाबों का शहर” कहा जाता है?",
        "a": "चण्डीगढ",
        "b": "कोलकाता",
        "c": "श्रीनगर",
        "d": "मैसुर",
        "correctAnswer": "चण्डीगढ",
        "a1": "TRUE",
        "b1": "FALSE",
        "c1": "FALSE",
        "d1": "TRUE"
    },
    {
        "id": "5",
        "question": "अग्रवाल समाज में \"\"अग्र\"\" शब्द का क्या अर्थ है ?",
        "a": "अग्रवाल ",
        "b": "अग्रबंधु",
        "c": "अग्रसेन",
        "d": "अग्रणी या सबसे आगे",
        "correctAnswer": "अग्रणी या सबसे आगे",
        "a1": "FALSE",
        "b1": "TRUE",
        "c1": "FALSE",
        "d1": "TRUE"
    },
    {
        "id": "6",
        "question": "राजस्थान की सीमा कितने राज्यों की सीमाओं को स्पर्श करती है?",
        "a": "1",
        "b": "3",
        "c": "7",
        "d": "5",
        "correctAnswer": "5",
        "a1": "FALSE",
        "b1": "TRUE",
        "c1": "FALSE",
        "d1": "TRUE"
    },
    {
        "id": "7",
        "question": "अंतर्राष्ट्रीय क्रिकेट परिषद (आईसीसी) का मुख्यालय कहां स्थित है?",
        "a": "दुबई (संयुक्त अरब अमीरात)",
        "b": "सिडनी (आस्ट्रेलिया)",
        "c": "लंदन (इंग्लैंड)",
        "d": "मुंबई (भारत)",
        "correctAnswer": "दुबई (संयुक्त अरब अमीरात)",
        "a1": "TRUE",
        "b1": "TRUE",
        "c1": "FALSE",
        "d1": "FALSE"
    }
]