[
    {
        "id": "1",
        "question": "रामायण में लक्ष्मण की पत्नी का नाम क्या था?",
        "a": "सुभद्रा",
        "b": "सुपर्णखा",
        "c": "URMILA",
        "d": "मण्डोदरी",
        "correctAnswer": "URMILA",
        "a1": "FALSE",
        "b1": "TRUE",
        "c1": "TRUE",
        "d1": "FALSE"
    },
    {
        "id": "2",
        "question": "मसूरिया पहाड़ी पर लगी अश्वारूढ प्रतिमा किस महापुरुष की है?",
        "a": "महाराजा उम्मेद सिंह   ",
        "b": "महाराजा हनुवंत सिंह  ",
        "c": "राव जोधा   ",
        "d": "अममत दुर्गादास राठौड़",
        "correctAnswer": "अममत दुर्गादास राठौड़",
        "a1": "FALSE",
        "b1": "TRUE",
        "c1": "FALSE",
        "d1": "TRUE"
    },
    {
        "id": "3",
        "question": "अग्रवाल कौनसे भगवान के वंशज माने जाते है?",
        "a": "भगवान राम के  बेटे कुश",
        "b": "भगवान राम के भाई लक्ष्मण",
        "c": "भगवान राम के बेटे लव",
        "d": "भगवान राम के भाई भरत",
        "correctAnswer": "भगवान राम के  बेटे कुश",
        "a1": "TRUE",
        "b1": "TRUE",
        "c1": "FALSE",
        "d1": "FALSE"
    },
    {
        "id": "4",
        "question": "ऐसी  कौनसी फिल्म थी जिसमें मात्र एक कलाकार द्वारा अभिनय किया गया है ।",
        "a": "यादें",
        "b": "तीसरी कसम",
        "c": "बावरची",
        "d": "नया दिन नयी रात",
        "correctAnswer": "यादें",
        "a1": "TRUE",
        "b1": "FALSE",
        "c1": "TRUE",
        "d1": "FALSE"
    },
    {
        "id": "5",
        "question": "भारत के राष्ट्रपति पद हेतु निर्धारित न्युनतम आयु सीमा क्या है ?",
        "a": "35 वर्ष",
        "b": "30 वर्ष",
        "c": "40 वर्ष",
        "d": "25 वर्ष",
        "correctAnswer": "35 वर्ष",
        "a1": "TRUE",
        "b1": "FALSE",
        "c1": "TRUE",
        "d1": "FALSE"
    },
    {
        "id": "6",
        "question": "राजस्थान दिवस हर साल कब मनाया जाता हैं",
        "a": "30 मार्च",
        "b": "01 मई",
        "c": "28 फरवरी",
        "d": "18 अप्रेल",
        "correctAnswer": "30 मार्च",
        "a1": "TRUE",
        "b1": "TRUE",
        "c1": "FALSE",
        "d1": "FALSE"
    },
    {
        "id": "7",
        "question": "स्टैच्यू ऑफ युनिटी की ऊँचाई कितनी है?",
        "a": "128 मीटर",
        "b": "182 मीटर",
        "c": "215 मीटर",
        "d": "262 मीटर",
        "correctAnswer": "182 मीटर",
        "a1": "FALSE",
        "b1": "TRUE",
        "c1": "FALSE",
        "d1": "TRUE"
    }
]