[
    {
        "id": "1",
        "question": "इनमें से कौनसी भारतीय रेल की एक विशेष रेल सेवा है?",
        "a": "वन्दे इंडिया",
        "b": "वन्दे मात्रम",
        "c": "वन्दे भारत",
        "d": "वन्दे हिन्दुस्तान",
        "correctAnswer": "वन्दे भारत",
        "a1": "FALSE",
        "b1": "FALSE",
        "c1": "TRUE",
        "d1": "TRUE"
    },
    {
        "id": "2",
        "question": "जोधपुर में मनाए जाने वाले वार्षिक उत्सव का नाम क्या हैए जो अपनी  लोक संगीतए नृत्य और पारंपरिक खेलों के साथ राजस्थान की संस्कृति का जश्न मनाता है?",
        "a": "पुष्कर मेला",
        "b": "डेजर्ट फेस्टिवल",
        "c": "मारवाड फेस्टिवल",
        "d": "तीज फेस्टिवल",
        "correctAnswer": "मारवाड फेस्टिवल",
        "a1": "TRUE",
        "b1": "FALSE",
        "c1": "TRUE",
        "d1": "FALSE"
    },
    {
        "id": "3",
        "question": " राजस्थान के राज्य पक्षी का क्या है ?",
        "a": "गरूड़",
        "b": "गोडावण",
        "c": "बाज़   ",
        "d": "सफेद कबूतर",
        "correctAnswer": "गोडावण",
        "a1": "FALSE",
        "b1": "TRUE",
        "c1": "FALSE",
        "d1": "TRUE"
    },
    {
        "id": "4",
        "question": "महाराजा अग्रसेन ने अपना राजधर्म किस देवता की प्रेरणा से त्यागा था?",
        "a": "भगवान शिव",
        "b": "भगवान विष्णु",
        "c": "भगवान इन्द्र",
        "d": "भगवान राम",
        "correctAnswer": "भगवान शिव",
        "a1": "TRUE",
        "b1": "TRUE",
        "c1": "FALSE",
        "d1": "FALSE"
    },
    {
        "id": "5",
        "question": "FIDE विश्व शतरंज चैंपियनशिप 2024  किसने जीती",
        "a": "डी गुकेश ",
        "b": "गैरी कास्परोव ",
        "c": "विश्वनाथन आनंद",
        "d": " डिंग लिरेन ",
        "correctAnswer": "डी गुकेश ",
        "a1": "TRUE",
        "b1": "FALSE",
        "c1": "FALSE",
        "d1": "TRUE"
    },
    {
        "id": "6",
        "question": "भारत का राष्ट्रीय पेड कोनसा है ?",
        "a": "पीपल",
        "b": "नीम",
        "c": "बरगद",
        "d": "आम",
        "correctAnswer": "बरगद",
        "a1": "TRUE",
        "b1": "FALSE",
        "c1": "TRUE",
        "d1": "FALSE"
    },
    {
        "id": "7",
        "question": "राष्ट्रीय हिन्दी दिवस कब मनाया जाता है?",
        "a": "14 सितम्बर",
        "b": "14 जुलाई",
        "c": "13 नवम्बर",
        "d": "15 अगस्त",
        "correctAnswer": "14 सितम्बर",
        "a1": "TRUE",
        "b1": "FALSE",
        "c1": "TRUE",
        "d1": "FALSE"
    }
]