[
    {
        "id": "1",
        "question": "भारतीय सुहागिन स्त्रीयो द्वारा पहने जाने वाले आभुशणो को पॉव से सिर तक पहनने के क्रम में लगाये ।",
        "a": "कन्दोरा",
        "b": "मंगलसुत्र",
        "c": "बिछिया",
        "d": "रखडी - बोरद्ध",
        "correctAnswer": "c,a,b,d"
    }
]