[
    {
        "id": "1",
        "question": "इनमे से कौनसा मसाला एफ एम रेडियों चैनल से मेल खाता है।",
        "a": "मिर्ची",
        "b": "लौंग",
        "c": "इलाईची ",
        "d": "हल्दी",
        "correctAnswer": "मिर्ची",
        "a1": "TRUE",
        "b1": "FALSE",
        "c1": "TRUE",
        "d1": "FALSE"
    },
    {
        "id": "2",
        "question": "काला गौरा भैरूजी का मन्दिर जोधपुर में कहा स्थित है।",
        "a": "मेहरानगढ दुर्ग",
        "b": "जसवन्त थडा",
        "c": "उम्मेद उद्यान",
        "d": "मण्डोर उद्यान",
        "correctAnswer": "मण्डोर उद्यान",
        "a1": "FALSE",
        "b1": "TRUE",
        "c1": "FALSE",
        "d1": "TRUE"
    },
    {
        "id": "3",
        "question": "राजस्थान में खारे पानी की सबसे बडी झील कौन सी है?",
        "a": "लूनकरनसर",
        "b": "डीडवाना",
        "c": "पंचपद्रा",
        "d": "सांभर",
        "correctAnswer": "सांभर",
        "a1": "FALSE",
        "b1": "FALSE",
        "c1": "TRUE",
        "d1": "TRUE"
    },
    {
        "id": "4",
        "question": "रेगिस्तानी जहाज उंट को पहनाया जाने वाला एक अभूषण ?",
        "a": "पिलाण",
        "b": "गोरबंद",
        "c": "गोखरु",
        "d": "गद्दी",
        "correctAnswer": "गोरबंद",
        "a1": "FALSE",
        "b1": "TRUE",
        "c1": "TRUE",
        "d1": "FALSE"
    },
    {
        "id": "5",
        "question": "रामायण के अनुसार इनमें से कौनसा राक्षस अपनी लम्बी भुजाओं से शिखर को पकड लेता था?          ",
        "a": "मुष्टीधर",
        "b": "मारिच",
        "c": "खरदुषण",
        "d": "कवंध",
        "correctAnswer": "कवंध",
        "a1": "FALSE",
        "b1": "FALSE",
        "c1": "TRUE",
        "d1": "TRUE"
    },
    {
        "id": "6",
        "question": "‘‘अग्रसेन की बावली‘‘ का सुंदर बावडी परिसर कहां स्थित है?",
        "a": "ग्वालियर",
        "b": "अमृतसर",
        "c": "आगरा",
        "d": "नई दिल्ली",
        "correctAnswer": "नई दिल्ली",
        "a1": "TRUE",
        "b1": "FALSE",
        "c1": "FALSE",
        "d1": "TRUE"
    },
    {
        "id": "7",
        "question": "भारत का कौनसा राज्य उगते सूरज की भूमि के नाम से जाना जाता है?",
        "a": "आसाम",
        "b": "मेघालय",
        "c": "अरुणाचल प्रदेश",
        "d": "सिक्कम",
        "correctAnswer": "अरुणाचल प्रदेश",
        "a1": "TRUE",
        "b1": "FALSE",
        "c1": "TRUE",
        "d1": "FALSE"
    }
]