[
    {
        "id": "1",
        "question": "एक लोकप्रिय हिन्दी कहावत के अनुसार पेड पर क्या नहीं उगता?",
        "a": "धन (पैसा)",
        "b": "फूल",
        "c": "पत्तियां",
        "d": "फल",
        "correctAnswer": "धन (पैसा)",
        "a1": "TRUE",
        "b1": "FALSE",
        "c1": "TRUE",
        "d1": "FALSE"
    },
    {
        "id": "2",
        "question": "महाभारत में किसने माँ के गर्भ मे रहते हुए चक्रव्यूह भेदने की कला सीखी थी?",
        "a": "गटोत्कच",
        "b": "अर्जून",
        "c": "अभिमन्यू",
        "d": "अश्वत्थामा",
        "correctAnswer": "अभिमन्यू",
        "a1": "FALSE",
        "b1": "TRUE",
        "c1": "TRUE",
        "d1": "FALSE"
    },
    {
        "id": "3",
        "question": "भारत की सबसे बडी नदी कौनसी है?",
        "a": "गोदावरी",
        "b": "यमुना",
        "c": "बह्मापुत्र",
        "d": "गंगा",
        "correctAnswer": "गंगा",
        "a1": "FALSE",
        "b1": "FALSE",
        "c1": "TRUE",
        "d1": "TRUE"
    },
    {
        "id": "4",
        "question": "जोधपुर की स्थापना कब हुई ?",
        "a": "12 मई 1709",
        "b": "12 मई 1459",
        "c": "12 मई 1659",
        "d": "12 मई 1509",
        "correctAnswer": "12 मई 1459",
        "a1": "FALSE",
        "b1": "TRUE",
        "c1": "FALSE",
        "d1": "TRUE"
    },
    {
        "id": "5",
        "question": "राजस्थान के किस शहर में सास-बहु मंदिर स्थित है?",
        "a": "दौसा",
        "b": "कोटा",
        "c": "अलवर",
        "d": "उदयपुर",
        "correctAnswer": "उदयपुर",
        "a1": "FALSE",
        "b1": "FALSE",
        "c1": "TRUE",
        "d1": "TRUE"
    },
    {
        "id": "6",
        "question": "राजस्थान के पहले मुख्यमंत्री कौन थे?",
        "a": "अशोक गहलोत",
        "b": "भैरो सिंह शेखावत",
        "c": "हीरालाल शास्त्री",
        "d": "वसुन्धरा राजे",
        "correctAnswer": "हीरालाल शास्त्री",
        "a1": "FALSE",
        "b1": "TRUE",
        "c1": "TRUE",
        "d1": "FALSE"
    },
    {
        "id": "7",
        "question": "क्षै़त्रफल के अनुसार चोखेलाव महल कहां है ?",
        "a": "मेहरानगढ़",
        "b": "जसवन्त थडा",
        "c": "उम्मेद भवन पैलेस",
        "d": "रातानाडा पैलेस",
        "correctAnswer": "मेहरानगढ़",
        "a1": "TRUE",
        "b1": "TRUE",
        "c1": "FALSE",
        "d1": "FALSE"
    }
]