[
    {
        "id": "1",
        "question": "जोधपुर के पूर्व से पश्चिम चलने पर मुख्य स्थानों को उनके आने के क्रम में लगाये।",
        "a": "महावीर मोटर्स (बोम्बे मोटर्स)",
        "b": "कनिष्क एल्यूमीनियम (बोरानाडा)",
        "c": "मोदी हाउस (अशोक उद्यान)",
        "d": "कमला नगर अस्पताल",
        "correctAnswer": "a,b,c,d"
    }
]