[
    {
        "id": "1",
        "question": "मण्डोर गार्डन से षुरू होकर श्री अग्रसेन संस्थान तक आने के लिये बीच में आने वाले ऐतिहासिक दरवाजो को क्रम में जमाये ।",
        "a": "सोजती गेट",
        "b": "नागौरी गेट",
        "c": "सिंवाची गेट",
        "d": "जालोरी गेट",
        "correctAnswer": " b,a,d,c"
    }
]