{
"Sheet1":[
 {
  "id": 1,
  "question": "अग्रवाल समाज के कुल गोत्रो की संख्या बताये।",
  "a": 12,
  "b": 15,
  "c": 21,
  "d": 18,
  "correctAnswer": 18,
  "a1": true,
  "b1": false,
  "c1": false,
  "d1": true
 },
 {
  "id": 2,
  "question": " ऐसा कोनसा फल है जिसमे बीज नही होता  ?",
  "a": "पाइनेपल",
  "b": "आम",
  "c": "नाशपती",
  "d": "अगुंर",
  "correctAnswer": "पाइनेपल",
  "a1": true,
  "b1": true,
  "c1": false,
  "d1": false
 },
 {
  "id": 3,
  "question": "इनमें से किसे \"IRON MAN OF INDIA\" के नाम जाना जाता है?",
  "a": "सुभाष चन्द्र बोष",
  "b": "सरदार वल्लभ भाई पटेल",
  "c": "लाल बहादुर शास्त्री",
  "d": "नरेन्द्र मोदी",
  "correctAnswer": "सरदार वल्लभ भाई पटेल",
  "a1": false,
  "b1": true,
  "c1": false,
  "d1": true
 },
 {
  "id": 4,
  "question": "तत्कालीन मारवाड़ रियासत की प्राचीन राजधानी का नाम?",
  "a": "मयूर ध्वज",
  "b": "जोधाणा",
  "c": "मण्डोर",
  "d": "बालसमंद",
  "correctAnswer": "मण्डोर",
  "a1": false,
  "b1": true,
  "c1": true,
  "d1": false
 },
 {
  "id": 5,
  "question": "हम 26 जनवरी 2025 को देश का कौनसा गणतन्त्र दिवस मनाने जा रहे है?",
  "a": "76 वां",
  "b": "78 वां",
  "c": "80 वां",
  "d": "74 वां",
  "correctAnswer": "76 वां",
  "a1": true,
  "b1": false,
  "c1": true,
  "d1": false
 },
 {
  "id": 6,
  "question": "भारत के राष्ट्रीय फूल का नाम बताये",
  "a": "गुलाब",
  "b": "कमल",
  "c": "सुर्यमुखी",
  "d": "चमेली",
  "correctAnswer": "कमल",
  "a1": false,
  "b1": true,
  "c1": false,
  "d1": true
 },
 {
  "id": 7,
  "question": "विश्व का सबसे लम्बा रेल्वे स्टेशन कहॉ पर स्थित है ।",
  "a": "जापान",
  "b": "भारत",
  "c": "अमेरिका",
  "d": "लन्दन",
  "correctAnswer": "भारत",
  "a1": true,
  "b1": true,
  "c1": false,
  "d1": false
 }
]
}