{
"Sheet1":[
 {
  "id": 1,
  "question": "वर्तमान में भारतीय मुद्रा का कौनसा नोट चलन में नहीं है?",
  "a": 2000,
  "b": 200,
  "c": 500,
  "d": 100,
  "correctAnswer": 2000,
  "a1": true,
  "b1": false,
  "c1": false,
  "d1": true
 },
 {
  "id": 2,
  "question": "जोधपुर की खानों से निकलने वाला एक पत्थर, जो दुनिया भर में बहुत लोकप्रिय है?",
  "a": "घाटू   ",
  "b": "संगमरमर",
  "c": "छीतर",
  "d": "ग्रेनाइट  ",
  "correctAnswer": "छीतर",
  "a1": false,
  "b1": true,
  "c1": true,
  "d1": false
 },
 {
  "id": 3,
  "question": "भारत को अंग्रेजी शासन काल से कौनसे वर्ष में आजादी मिली थी?",
  "a": 1953,
  "b": 1947,
  "c": 1944,
  "d": 1950,
  "correctAnswer": 1947,
  "a1": true,
  "b1": true,
  "c1": false,
  "d1": false
 },
 {
  "id": 4,
  "question": "ऐसी फिल्म का नाम बताइये जिसमें गीत सबसे ज्यादा थे ।",
  "a": "मुगले आजम",
  "b": "इन्द्रसभा",
  "c": "हम आपके है कौन",
  "d": "राजा हरीषचन्द्र",
  "correctAnswer": "इन्द्रसभा",
  "a1": false,
  "b1": true,
  "c1": true,
  "d1": false
 },
 {
  "id": 5,
  "question": "जोधपुर जिले की एकमात्र नदी का नाम क्या है ।",
  "a": "कायलाना",
  "b": "लूणी",
  "c": "इन्दिरा गॉधी केनाल",
  "d": "पिचियाक",
  "correctAnswer": "लूणी",
  "a1": true,
  "b1": true,
  "c1": false,
  "d1": false
 },
 {
  "id": 6,
  "question": "महाभारत के अनुसार भीष्म, कर्ण और द्रोणाचार्य इनमे से किस गुरू के शिष्य थे?",
  "a": "गौतम",
  "b": "कृपाचार्य",
  "c": "भारद्वाज",
  "d": "परशुराम",
  "correctAnswer": "परशुराम",
  "a1": false,
  "b1": false,
  "c1": true,
  "d1": true
 },
 {
  "id": 7,
  "question": "दुनिया की सबसे बड़ी मूर्ति  प्रतिमा कौन सी है",
  "a": "भारत गुजरात में स्टैच्यू ऑफ यूनिटी ",
  "b": "विश्वास स्वरूपम भगवान शिव प्रतिमा नाथद्वारा भारत",
  "c": "चीन में स्प्रिंग टेंपल बुद्ध",
  "d": "म्यांमार में लेक्यून सेक्या बुद्ध ",
  "correctAnswer": "भारत गुजरात में स्टैच्यू ऑफ यूनिटी ",
  "a1": true,
  "b1": true,
  "c1": false,
  "d1": false
 }
]
}